{
  "v": "4.8.0",
  "meta": { "g": "LottieFiles AE ", "a": "", "k": "", "d": "", "tc": "" },
  "fr": 25,
  "ip": 0,
  "op": 75,
  "w": 300,
  "h": 300,
  "nm": "Checkmark NO",
  "ddd": 0,
  "assets": [],
  "layers": [
    {
      "ddd": 0,
      "ind": 1,
      "ty": 3,
      "nm": "control",
      "sr": 1,
      "ks": {
        "o": { "a": 0, "k": 0, "ix": 11 },
        "r": { "a": 0, "k": 0, "ix": 10 },
        "p": { "a": 0, "k": [150, 150, 0], "ix": 2 },
        "a": { "a": 0, "k": [0, 0, 0], "ix": 1 },
        "s": {
          "a": 1,
          "k": [
            {
              "i": { "x": [0.833, 0.833, 0.833], "y": [1, 1, 1] },
              "o": { "x": [0.167, 0.167, 0.167], "y": [0, 0, 0] },
              "t": 0,
              "s": [100, 100, 100]
            },
            {
              "i": { "x": [0.833, 0.833, 0.833], "y": [1, 1, 1] },
              "o": { "x": [0.167, 0.167, 0.167], "y": [0, 0, 0] },
              "t": 23,
              "s": [90, 90, 100]
            },
            {
              "i": { "x": [0.562, 0.562, 0.562], "y": [0.541, 0.541, 5.587] },
              "o": { "x": [0.193, 0.193, 0.193], "y": [0, 0, 0] },
              "t": 30,
              "s": [107, 107, 100]
            },
            {
              "i": { "x": [0.843, 0.843, 0.843], "y": [1, 1, 1] },
              "o": {
                "x": [0.357, 0.357, 0.357],
                "y": [-4.208, -4.208, -9.352]
              },
              "t": 38,
              "s": [98, 98, 100]
            },
            { "t": 58, "s": [100, 100, 100] }
          ],
          "ix": 6
        }
      },
      "ao": 0,
      "ip": 0,
      "op": 75,
      "st": 0,
      "bm": 0
    },
    {
      "ddd": 0,
      "ind": 3,
      "ty": 4,
      "nm": "circle2",
      "parent": 1,
      "sr": 1,
      "ks": {
        "o": { "a": 0, "k": 100, "ix": 11 },
        "r": {
          "a": 1,
          "k": [
            {
              "i": { "x": [0.755], "y": [0.386] },
              "o": { "x": [0.433], "y": [0] },
              "t": 6,
              "s": [0]
            },
            {
              "i": { "x": [0.54], "y": [1] },
              "o": { "x": [0.703], "y": [0.212] },
              "t": 17,
              "s": [18.803]
            },
            { "t": 28, "s": [175] }
          ],
          "ix": 10
        },
        "p": { "a": 0, "k": [2.364, -1.619, 0], "ix": 2 },
        "a": { "a": 0, "k": [1.652, -5.348, 0], "ix": 1 },
        "s": { "a": 0, "k": [100, 100, 100], "ix": 6 }
      },
      "ao": 0,
      "shapes": [
        {
          "ty": "gr",
          "it": [
            {
              "d": 1,
              "ty": "el",
              "s": { "a": 0, "k": [245.305, 245.305], "ix": 2 },
              "p": { "a": 0, "k": [0, 0], "ix": 3 },
              "nm": "Ellipse Path 1",
              "mn": "ADBE Vector Shape - Ellipse",
              "hd": false
            },
            {
              "ty": "st",
              "c": {
                "a": 0,
                "k": [0.823529411765, 0.247058823529, 0.21568627451, 1],
                "ix": 3
              },
              "o": { "a": 0, "k": 100, "ix": 4 },
              "w": { "a": 0, "k": 21, "ix": 5 },
              "lc": 1,
              "lj": 1,
              "ml": 4,
              "bm": 0,
              "nm": "Stroke 1",
              "mn": "ADBE Vector Graphic - Stroke",
              "hd": false
            },
            {
              "ty": "tr",
              "p": { "a": 0, "k": [1.652, -5.348], "ix": 2 },
              "a": { "a": 0, "k": [0, 0], "ix": 1 },
              "s": { "a": 0, "k": [79.037, 79.037], "ix": 3 },
              "r": { "a": 0, "k": 0, "ix": 6 },
              "o": { "a": 0, "k": 100, "ix": 7 },
              "sk": { "a": 0, "k": 0, "ix": 4 },
              "sa": { "a": 0, "k": 0, "ix": 5 },
              "nm": "Transform"
            }
          ],
          "nm": "Ellipse 1",
          "np": 3,
          "cix": 2,
          "bm": 0,
          "ix": 1,
          "mn": "ADBE Vector Group",
          "hd": false
        },
        {
          "ty": "tm",
          "s": {
            "a": 1,
            "k": [
              {
                "i": { "x": [0.833], "y": [0.833] },
                "o": { "x": [0.167], "y": [0.167] },
                "t": 6.8,
                "s": [0]
              },
              { "t": 26, "s": [40] }
            ],
            "ix": 1
          },
          "e": {
            "a": 1,
            "k": [
              {
                "i": { "x": [0.833], "y": [0.833] },
                "o": { "x": [0.167], "y": [0.167] },
                "t": 0,
                "s": [0]
              },
              { "t": 17, "s": [100] }
            ],
            "ix": 2
          },
          "o": {
            "a": 1,
            "k": [
              {
                "i": { "x": [0.833], "y": [0.833] },
                "o": { "x": [0.167], "y": [0.167] },
                "t": 0,
                "s": [0]
              },
              {
                "i": { "x": [0.833], "y": [0.833] },
                "o": { "x": [0.167], "y": [0.167] },
                "t": 17,
                "s": [88.542]
              },
              { "t": 28, "s": [150] }
            ],
            "ix": 3
          },
          "m": 1,
          "ix": 2,
          "nm": "Trim Paths 1",
          "mn": "ADBE Vector Filter - Trim",
          "hd": false
        }
      ],
      "ip": 0,
      "op": 28,
      "st": 0,
      "bm": 0
    },
    {
      "ddd": 0,
      "ind": 4,
      "ty": 4,
      "nm": "X2",
      "parent": 1,
      "sr": 1,
      "ks": {
        "o": { "a": 0, "k": 100, "ix": 11 },
        "r": {
          "a": 1,
          "k": [
            {
              "i": { "x": [0.16], "y": [1] },
              "o": { "x": [0.333], "y": [0] },
              "t": 7,
              "s": [-310]
            },
            { "t": 26, "s": [-2] }
          ],
          "ix": 10
        },
        "p": { "a": 0, "k": [3, 1, 0], "ix": 2 },
        "a": { "a": 0, "k": [0, 0, 0], "ix": 1 },
        "s": {
          "a": 1,
          "k": [
            {
              "i": { "x": [0.667, 0.667, 0.667], "y": [1, 1, 1] },
              "o": { "x": [0.333, 0.333, 0.333], "y": [0, 0, 0] },
              "t": 7,
              "s": [0, 0, 100]
            },
            { "t": 16, "s": [100, 100, 100] }
          ],
          "ix": 6
        }
      },
      "ao": 0,
      "shapes": [
        {
          "ty": "gr",
          "it": [
            {
              "ind": 0,
              "ty": "sh",
              "ix": 1,
              "ks": {
                "a": 0,
                "k": {
                  "i": [
                    [0, 0],
                    [0, 0]
                  ],
                  "o": [
                    [0, 0],
                    [0, 0]
                  ],
                  "v": [
                    [-35.832, -37.188],
                    [36.772, 42.89]
                  ],
                  "c": false
                },
                "ix": 2
              },
              "nm": "Path 1",
              "mn": "ADBE Vector Shape - Group",
              "hd": false
            },
            {
              "ind": 1,
              "ty": "sh",
              "ix": 2,
              "ks": {
                "a": 0,
                "k": {
                  "i": [
                    [0, 0],
                    [0, 0]
                  ],
                  "o": [
                    [0, 0],
                    [0, 0]
                  ],
                  "v": [
                    [40.509, -33.451],
                    [-39.569, 39.153]
                  ],
                  "c": false
                },
                "ix": 2
              },
              "nm": "Path 2",
              "mn": "ADBE Vector Shape - Group",
              "hd": false
            },
            {
              "ty": "st",
              "c": { "a": 0, "k": [1, 1, 1, 1], "ix": 3 },
              "o": { "a": 0, "k": 100, "ix": 4 },
              "w": { "a": 0, "k": 26, "ix": 5 },
              "lc": 2,
              "lj": 2,
              "bm": 0,
              "nm": "Stroke 1",
              "mn": "ADBE Vector Graphic - Stroke",
              "hd": false
            },
            {
              "ty": "fl",
              "c": {
                "a": 0,
                "k": [0.215686289469, 0.823529471603, 0.427451010311, 1],
                "ix": 4
              },
              "o": { "a": 0, "k": 100, "ix": 5 },
              "r": 1,
              "bm": 0,
              "nm": "Fill 1",
              "mn": "ADBE Vector Graphic - Fill",
              "hd": false
            },
            {
              "ty": "tr",
              "p": { "a": 0, "k": [0, 0], "ix": 2 },
              "a": { "a": 0, "k": [0, 0], "ix": 1 },
              "s": { "a": 0, "k": [100, 100], "ix": 3 },
              "r": { "a": 0, "k": 0, "ix": 6 },
              "o": { "a": 0, "k": 100, "ix": 7 },
              "sk": { "a": 0, "k": 0, "ix": 4 },
              "sa": { "a": 0, "k": 0, "ix": 5 },
              "nm": "Transform"
            }
          ],
          "nm": "Shape 1",
          "np": 4,
          "cix": 2,
          "bm": 0,
          "ix": 1,
          "mn": "ADBE Vector Group",
          "hd": false
        }
      ],
      "ip": 26,
      "op": 75,
      "st": 0,
      "bm": 0
    },
    {
      "ddd": 0,
      "ind": 5,
      "ty": 4,
      "nm": "circle filled",
      "parent": 1,
      "sr": 1,
      "ks": {
        "o": {
          "a": 1,
          "k": [
            {
              "i": { "x": [0.833], "y": [0.833] },
              "o": { "x": [0.167], "y": [0.167] },
              "t": 26,
              "s": [0]
            },
            { "t": 30, "s": [100] }
          ],
          "ix": 11
        },
        "r": { "a": 0, "k": 0, "ix": 10 },
        "p": { "a": 0, "k": [2.364, -1.619, 0], "ix": 2 },
        "a": { "a": 0, "k": [1.652, -5.348, 0], "ix": 1 },
        "s": { "a": 0, "k": [100, 100, 100], "ix": 6 }
      },
      "ao": 0,
      "shapes": [
        {
          "ty": "gr",
          "it": [
            {
              "d": 1,
              "ty": "el",
              "s": { "a": 0, "k": [245.305, 245.305], "ix": 2 },
              "p": { "a": 0, "k": [0, 0], "ix": 3 },
              "nm": "Ellipse Path 1",
              "mn": "ADBE Vector Shape - Ellipse",
              "hd": false
            },
            {
              "ty": "st",
              "c": {
                "a": 0,
                "k": [0.823529411765, 0.247058823529, 0.21568627451, 1],
                "ix": 3
              },
              "o": { "a": 0, "k": 100, "ix": 4 },
              "w": { "a": 0, "k": 21, "ix": 5 },
              "lc": 1,
              "lj": 1,
              "ml": 4,
              "bm": 0,
              "nm": "Stroke 1",
              "mn": "ADBE Vector Graphic - Stroke",
              "hd": false
            },
            {
              "ty": "fl",
              "c": {
                "a": 0,
                "k": [0.823529411765, 0.247058823529, 0.21568627451, 1],
                "ix": 4
              },
              "o": { "a": 0, "k": 100, "ix": 5 },
              "r": 1,
              "bm": 0,
              "nm": "Fill 1",
              "mn": "ADBE Vector Graphic - Fill",
              "hd": false
            },
            {
              "ty": "tr",
              "p": { "a": 0, "k": [1.652, -5.348], "ix": 2 },
              "a": { "a": 0, "k": [0, 0], "ix": 1 },
              "s": { "a": 0, "k": [79.037, 79.037], "ix": 3 },
              "r": { "a": 0, "k": 0, "ix": 6 },
              "o": { "a": 0, "k": 100, "ix": 7 },
              "sk": { "a": 0, "k": 0, "ix": 4 },
              "sa": { "a": 0, "k": 0, "ix": 5 },
              "nm": "Transform"
            }
          ],
          "nm": "Ellipse 1",
          "np": 3,
          "cix": 2,
          "bm": 0,
          "ix": 1,
          "mn": "ADBE Vector Group",
          "hd": false
        },
        {
          "ty": "fl",
          "c": {
            "a": 0,
            "k": [0.823529411765, 0.247058823529, 0.21568627451, 1],
            "ix": 4
          },
          "o": { "a": 0, "k": 100, "ix": 5 },
          "r": 1,
          "bm": 0,
          "nm": "Fill 1",
          "mn": "ADBE Vector Graphic - Fill",
          "hd": false
        }
      ],
      "ip": 26,
      "op": 75,
      "st": 0,
      "bm": 0
    },
    {
      "ddd": 0,
      "ind": 6,
      "ty": 4,
      "nm": "circle",
      "parent": 1,
      "sr": 1,
      "ks": {
        "o": { "a": 0, "k": 100, "ix": 11 },
        "r": { "a": 0, "k": 0, "ix": 10 },
        "p": { "a": 0, "k": [2.364, -1.619, 0], "ix": 2 },
        "a": { "a": 0, "k": [1.652, -5.348, 0], "ix": 1 },
        "s": { "a": 0, "k": [100, 100, 100], "ix": 6 }
      },
      "ao": 0,
      "shapes": [
        {
          "ty": "gr",
          "it": [
            {
              "d": 1,
              "ty": "el",
              "s": { "a": 0, "k": [245.305, 245.305], "ix": 2 },
              "p": { "a": 0, "k": [0, 0], "ix": 3 },
              "nm": "Ellipse Path 1",
              "mn": "ADBE Vector Shape - Ellipse",
              "hd": false
            },
            {
              "ty": "st",
              "c": {
                "a": 0,
                "k": [0.823529411765, 0.247058823529, 0.21568627451, 1],
                "ix": 3
              },
              "o": { "a": 0, "k": 100, "ix": 4 },
              "w": { "a": 0, "k": 21, "ix": 5 },
              "lc": 1,
              "lj": 1,
              "ml": 4,
              "bm": 0,
              "nm": "Stroke 1",
              "mn": "ADBE Vector Graphic - Stroke",
              "hd": false
            },
            {
              "ty": "tr",
              "p": { "a": 0, "k": [1.652, -5.348], "ix": 2 },
              "a": { "a": 0, "k": [0, 0], "ix": 1 },
              "s": { "a": 0, "k": [79.037, 79.037], "ix": 3 },
              "r": { "a": 0, "k": 0, "ix": 6 },
              "o": { "a": 0, "k": 100, "ix": 7 },
              "sk": { "a": 0, "k": 0, "ix": 4 },
              "sa": { "a": 0, "k": 0, "ix": 5 },
              "nm": "Transform"
            }
          ],
          "nm": "Ellipse 1",
          "np": 3,
          "cix": 2,
          "bm": 0,
          "ix": 1,
          "mn": "ADBE Vector Group",
          "hd": false
        },
        {
          "ty": "tm",
          "s": {
            "a": 1,
            "k": [
              {
                "i": { "x": [0.833], "y": [0.833] },
                "o": { "x": [0.167], "y": [0.167] },
                "t": 3.875,
                "s": [0]
              },
              {
                "i": { "x": [0.833], "y": [0.833] },
                "o": { "x": [0.167], "y": [0.167] },
                "t": 26.042,
                "s": [40]
              },
              { "t": 28, "s": [0] }
            ],
            "ix": 1
          },
          "e": {
            "a": 1,
            "k": [
              {
                "i": { "x": [0.833], "y": [0.833] },
                "o": { "x": [0.167], "y": [0.167] },
                "t": 0,
                "s": [0]
              },
              { "t": 17, "s": [100] }
            ],
            "ix": 2
          },
          "o": {
            "a": 1,
            "k": [
              {
                "i": { "x": [0.25], "y": [1] },
                "o": { "x": [0.333], "y": [0] },
                "t": 0,
                "s": [0]
              },
              { "t": 28, "s": [125] }
            ],
            "ix": 3
          },
          "m": 1,
          "ix": 2,
          "nm": "Trim Paths 1",
          "mn": "ADBE Vector Filter - Trim",
          "hd": false
        }
      ],
      "ip": 0,
      "op": 71,
      "st": 0,
      "bm": 0
    },
    {
      "ddd": 0,
      "ind": 7,
      "ty": 4,
      "nm": "X1",
      "parent": 1,
      "sr": 1,
      "ks": {
        "o": { "a": 0, "k": 100, "ix": 11 },
        "r": {
          "a": 1,
          "k": [
            {
              "i": { "x": [0.16], "y": [1] },
              "o": { "x": [0.333], "y": [0] },
              "t": 7,
              "s": [-310]
            },
            { "t": 26, "s": [-2] }
          ],
          "ix": 10
        },
        "p": { "a": 0, "k": [3, 1, 0], "ix": 2 },
        "a": { "a": 0, "k": [0, 0, 0], "ix": 1 },
        "s": {
          "a": 1,
          "k": [
            {
              "i": { "x": [0.667, 0.667, 0.667], "y": [1, 1, 1] },
              "o": { "x": [0.333, 0.333, 0.333], "y": [0, 0, 0] },
              "t": 7,
              "s": [0, 0, 100]
            },
            { "t": 16, "s": [100, 100, 100] }
          ],
          "ix": 6
        }
      },
      "ao": 0,
      "shapes": [
        {
          "ty": "gr",
          "it": [
            {
              "ind": 0,
              "ty": "sh",
              "ix": 1,
              "ks": {
                "a": 0,
                "k": {
                  "i": [
                    [0, 0],
                    [0, 0]
                  ],
                  "o": [
                    [0, 0],
                    [0, 0]
                  ],
                  "v": [
                    [-35.832, -37.188],
                    [36.772, 42.89]
                  ],
                  "c": false
                },
                "ix": 2
              },
              "nm": "Path 1",
              "mn": "ADBE Vector Shape - Group",
              "hd": false
            },
            {
              "ind": 1,
              "ty": "sh",
              "ix": 2,
              "ks": {
                "a": 0,
                "k": {
                  "i": [
                    [0, 0],
                    [0, 0]
                  ],
                  "o": [
                    [0, 0],
                    [0, 0]
                  ],
                  "v": [
                    [40.509, -33.451],
                    [-39.569, 39.153]
                  ],
                  "c": false
                },
                "ix": 2
              },
              "nm": "Path 2",
              "mn": "ADBE Vector Shape - Group",
              "hd": false
            },
            {
              "ty": "st",
              "c": {
                "a": 0,
                "k": [0.823529411765, 0.247058823529, 0.21568627451, 1],
                "ix": 3
              },
              "o": { "a": 0, "k": 100, "ix": 4 },
              "w": { "a": 0, "k": 26, "ix": 5 },
              "lc": 2,
              "lj": 2,
              "bm": 0,
              "nm": "Stroke 1",
              "mn": "ADBE Vector Graphic - Stroke",
              "hd": false
            },
            {
              "ty": "fl",
              "c": {
                "a": 0,
                "k": [0.823529471603, 0.24708406037, 0.215686289469, 1],
                "ix": 4
              },
              "o": { "a": 0, "k": 100, "ix": 5 },
              "r": 1,
              "bm": 0,
              "nm": "Fill 1",
              "mn": "ADBE Vector Graphic - Fill",
              "hd": false
            },
            {
              "ty": "tr",
              "p": { "a": 0, "k": [0, 0], "ix": 2 },
              "a": { "a": 0, "k": [0, 0], "ix": 1 },
              "s": { "a": 0, "k": [100, 100], "ix": 3 },
              "r": { "a": 0, "k": 0, "ix": 6 },
              "o": { "a": 0, "k": 100, "ix": 7 },
              "sk": { "a": 0, "k": 0, "ix": 4 },
              "sa": { "a": 0, "k": 0, "ix": 5 },
              "nm": "Transform"
            }
          ],
          "nm": "Shape 1",
          "np": 4,
          "cix": 2,
          "bm": 0,
          "ix": 1,
          "mn": "ADBE Vector Group",
          "hd": false
        }
      ],
      "ip": 0,
      "op": 43,
      "st": 0,
      "bm": 0
    }
  ],
  "markers": []
}
